INSERT INTO FUNREAD.auth_permission (name,content_type_id,codename) VALUES
	 ('Can add log entry',1,'add_logentry'),
	 ('Can change log entry',1,'change_logentry'),
	 ('Can delete log entry',1,'delete_logentry'),
	 ('Can view log entry',1,'view_logentry'),
	 ('Can add permission',2,'add_permission'),
	 ('Can change permission',2,'change_permission'),
	 ('Can delete permission',2,'delete_permission'),
	 ('Can view permission',2,'view_permission'),
	 ('Can add group',3,'add_group'),
	 ('Can change group',3,'change_group');
INSERT INTO FUNREAD.auth_permission (name,content_type_id,codename) VALUES
	 ('Can delete group',3,'delete_group'),
	 ('Can view group',3,'view_group'),
	 ('Can add user',4,'add_user'),
	 ('Can change user',4,'change_user'),
	 ('Can delete user',4,'delete_user'),
	 ('Can view user',4,'view_user'),
	 ('Can add content type',5,'add_contenttype'),
	 ('Can change content type',5,'change_contenttype'),
	 ('Can delete content type',5,'delete_contenttype'),
	 ('Can view content type',5,'view_contenttype');
INSERT INTO FUNREAD.auth_permission (name,content_type_id,codename) VALUES
	 ('Can add session',6,'add_session'),
	 ('Can change session',6,'change_session'),
	 ('Can delete session',6,'delete_session'),
	 ('Can view session',6,'view_session'),
	 ('Can add user',7,'add_user'),
	 ('Can change user',7,'change_user'),
	 ('Can delete user',7,'delete_user'),
	 ('Can view user',7,'view_user'),
	 ('Can add book',8,'add_book'),
	 ('Can change book',8,'change_book');
INSERT INTO FUNREAD.auth_permission (name,content_type_id,codename) VALUES
	 ('Can delete book',8,'delete_book'),
	 ('Can view book',8,'view_book'),
	 ('Can add pages',9,'add_pages'),
	 ('Can change pages',9,'change_pages'),
	 ('Can delete pages',9,'delete_pages'),
	 ('Can view pages',9,'view_pages'),
	 ('Can add widget',10,'add_widget'),
	 ('Can change widget',10,'change_widget'),
	 ('Can delete widget',10,'delete_widget'),
	 ('Can view widget',10,'view_widget');
INSERT INTO FUNREAD.auth_permission (name,content_type_id,codename) VALUES
	 ('Can add widget item',11,'add_widgetitem'),
	 ('Can change widget item',11,'change_widgetitem'),
	 ('Can delete widget item',11,'delete_widgetitem'),
	 ('Can view widget item',11,'view_widgetitem'),
	 ('Can add folder',12,'add_folder'),
	 ('Can change folder',12,'change_folder'),
	 ('Can delete folder',12,'delete_folder'),
	 ('Can view folder',12,'view_folder'),
	 ('Can add tags',13,'add_tags'),
	 ('Can change tags',13,'change_tags');
INSERT INTO FUNREAD.auth_permission (name,content_type_id,codename) VALUES
	 ('Can delete tags',13,'delete_tags'),
	 ('Can view tags',13,'view_tags'),
	 ('Can add file',14,'add_file'),
	 ('Can change file',14,'change_file'),
	 ('Can delete file',14,'delete_file'),
	 ('Can view file',14,'view_file'),
	 ('Can add mail',15,'add_mail'),
	 ('Can change mail',15,'change_mail'),
	 ('Can delete mail',15,'delete_mail'),
	 ('Can view mail',15,'view_mail');
INSERT INTO FUNREAD.auth_permission (name,content_type_id,codename) VALUES
	 ('Can add mail control',16,'add_mailcontrol'),
	 ('Can change mail control',16,'change_mailcontrol'),
	 ('Can delete mail control',16,'delete_mailcontrol'),
	 ('Can view mail control',16,'view_mailcontrol'),
	 ('Can add roles',17,'add_roles'),
	 ('Can change roles',17,'change_roles'),
	 ('Can delete roles',17,'delete_roles'),
	 ('Can view roles',17,'view_roles'),
	 ('Can add author list',18,'add_authorlist'),
	 ('Can change author list',18,'change_authorlist');
INSERT INTO FUNREAD.auth_permission (name,content_type_id,codename) VALUES
	 ('Can delete author list',18,'delete_authorlist'),
	 ('Can view author list',18,'view_authorlist'),
	 ('Can add shared books',19,'add_sharedbooks'),
	 ('Can change shared books',19,'change_sharedbooks'),
	 ('Can delete shared books',19,'delete_sharedbooks'),
	 ('Can view shared books',19,'view_sharedbooks'),
	 ('Can add grades',20,'add_grades'),
	 ('Can change grades',20,'change_grades'),
	 ('Can delete grades',20,'delete_grades'),
	 ('Can view grades',20,'view_grades');
INSERT INTO FUNREAD.auth_permission (name,content_type_id,codename) VALUES
	 ('Can add institute',21,'add_institute'),
	 ('Can change institute',21,'change_institute'),
	 ('Can delete institute',21,'delete_institute'),
	 ('Can view institute',21,'view_institute'),
	 ('Can add institute members',22,'add_institutemembers'),
	 ('Can change institute members',22,'change_institutemembers'),
	 ('Can delete institute members',22,'delete_institutemembers'),
	 ('Can view institute members',22,'view_institutemembers'),
	 ('Can add books per classes',23,'add_booksperclasses'),
	 ('Can change books per classes',23,'change_booksperclasses');
INSERT INTO FUNREAD.auth_permission (name,content_type_id,codename) VALUES
	 ('Can delete books per classes',23,'delete_booksperclasses'),
	 ('Can view books per classes',23,'view_booksperclasses'),
	 ('Can add groups per classes',24,'add_groupsperclasses'),
	 ('Can change groups per classes',24,'change_groupsperclasses'),
	 ('Can delete groups per classes',24,'delete_groupsperclasses'),
	 ('Can view groups per classes',24,'view_groupsperclasses'),
	 ('Can add students groups',25,'add_studentsgroups'),
	 ('Can change students groups',25,'change_studentsgroups'),
	 ('Can delete students groups',25,'delete_studentsgroups'),
	 ('Can view students groups',25,'view_studentsgroups');
INSERT INTO FUNREAD.auth_permission (name,content_type_id,codename) VALUES
	 ('Can add tags per page',26,'add_tagsperpage'),
	 ('Can change tags per page',26,'change_tagsperpage'),
	 ('Can delete tags per page',26,'delete_tagsperpage'),
	 ('Can view tags per page',26,'view_tagsperpage'),
	 ('Can add classes',27,'add_classes'),
	 ('Can change classes',27,'change_classes'),
	 ('Can delete classes',27,'delete_classes'),
	 ('Can view classes',27,'view_classes'),
	 ('Can add classes log',28,'add_classeslog'),
	 ('Can change classes log',28,'change_classeslog');
INSERT INTO FUNREAD.auth_permission (name,content_type_id,codename) VALUES
	 ('Can delete classes log',28,'delete_classeslog'),
	 ('Can view classes log',28,'view_classeslog'),
	 ('Can add teachers',29,'add_teachers'),
	 ('Can change teachers',29,'change_teachers'),
	 ('Can delete teachers',29,'delete_teachers'),
	 ('Can view teachers',29,'view_teachers'),
	 ('Can add media',30,'add_media'),
	 ('Can change media',30,'change_media'),
	 ('Can delete media',30,'delete_media'),
	 ('Can view media',30,'view_media');
INSERT INTO FUNREAD.auth_permission (name,content_type_id,codename) VALUES
	 ('Can add groups create',31,'add_groupscreate'),
	 ('Can change groups create',31,'change_groupscreate'),
	 ('Can delete groups create',31,'delete_groupscreate'),
	 ('Can view groups create',31,'view_groupscreate'),
	 ('Can add options',32,'add_options'),
	 ('Can change options',32,'change_options'),
	 ('Can delete options',32,'delete_options'),
	 ('Can view options',32,'view_options'),
	 ('Can add joins',33,'add_joins'),
	 ('Can change joins',33,'change_joins');
INSERT INTO FUNREAD.auth_permission (name,content_type_id,codename) VALUES
	 ('Can delete joins',33,'delete_joins'),
	 ('Can view joins',33,'view_joins'),
	 ('Can add userroles',34,'add_userroles'),
	 ('Can change userroles',34,'change_userroles'),
	 ('Can delete userroles',34,'delete_userroles'),
	 ('Can view userroles',34,'view_userroles'),
	 ('Can add book category',35,'add_bookcategory'),
	 ('Can change book category',35,'change_bookcategory'),
	 ('Can delete book category',35,'delete_bookcategory'),
	 ('Can view book category',35,'view_bookcategory');
INSERT INTO FUNREAD.auth_permission (name,content_type_id,codename) VALUES
	 ('Can add book dilemma',36,'add_bookdilemma'),
	 ('Can change book dilemma',36,'change_bookdilemma'),
	 ('Can delete book dilemma',36,'delete_bookdilemma'),
	 ('Can view book dilemma',36,'view_bookdilemma'),
	 ('Can add dilemma per book',37,'add_dilemmaperbook'),
	 ('Can change dilemma per book',37,'change_dilemmaperbook'),
	 ('Can delete dilemma per book',37,'delete_dilemmaperbook'),
	 ('Can view dilemma per book',37,'view_dilemmaperbook'),
	 ('Can add book dimension',38,'add_bookdimension'),
	 ('Can change book dimension',38,'change_bookdimension');
INSERT INTO FUNREAD.auth_permission (name,content_type_id,codename) VALUES
	 ('Can delete book dimension',38,'delete_bookdimension'),
	 ('Can view book dimension',38,'view_bookdimension'),
	 ('Can add subtitled',39,'add_subtitled'),
	 ('Can change subtitled',39,'change_subtitled'),
	 ('Can delete subtitled',39,'delete_subtitled'),
	 ('Can view subtitled',39,'view_subtitled'),
	 ('Can add badge',40,'add_badge'),
	 ('Can change badge',40,'change_badge'),
	 ('Can delete badge',40,'delete_badge'),
	 ('Can view badge',40,'view_badge');
INSERT INTO FUNREAD.auth_permission (name,content_type_id,codename) VALUES
	 ('Can add user points log',41,'add_userpointslog'),
	 ('Can change user points log',41,'change_userpointslog'),
	 ('Can delete user points log',41,'delete_userpointslog'),
	 ('Can view user points log',41,'view_userpointslog'),
	 ('Can add team user',42,'add_teamuser'),
	 ('Can change team user',42,'change_teamuser'),
	 ('Can delete team user',42,'delete_teamuser'),
	 ('Can view team user',42,'view_teamuser'),
	 ('Can add team',43,'add_team'),
	 ('Can change team',43,'change_team');
INSERT INTO FUNREAD.auth_permission (name,content_type_id,codename) VALUES
	 ('Can delete team',43,'delete_team'),
	 ('Can view team',43,'view_team'),
	 ('Can add user badge',44,'add_userbadge'),
	 ('Can change user badge',44,'change_userbadge'),
	 ('Can delete user badge',44,'delete_userbadge'),
	 ('Can view user badge',44,'view_userbadge'),
	 ('Can add user points',45,'add_userpoints'),
	 ('Can change user points',45,'change_userpoints'),
	 ('Can delete user points',45,'delete_userpoints'),
	 ('Can view user points',45,'view_userpoints');
INSERT INTO FUNREAD.auth_permission (name,content_type_id,codename) VALUES
	 ('Can add avatar creator',46,'add_avatarcreator'),
	 ('Can change avatar creator',46,'change_avatarcreator'),
	 ('Can delete avatar creator',46,'delete_avatarcreator'),
	 ('Can view avatar creator',46,'view_avatarcreator'),
	 ('Can add user book progress',47,'add_userbookprogress'),
	 ('Can change user book progress',47,'change_userbookprogress'),
	 ('Can delete user book progress',47,'delete_userbookprogress'),
	 ('Can view user book progress',47,'view_userbookprogress'),
	 ('Can add book badge',48,'add_bookbadge'),
	 ('Can change book badge',48,'change_bookbadge');
INSERT INTO FUNREAD.auth_permission (name,content_type_id,codename) VALUES
	 ('Can delete book badge',48,'delete_bookbadge'),
	 ('Can view book badge',48,'view_bookbadge');
INSERT INTO FUNREAD.badges (title,description,points,icon,is_teacher_badge,progress_placeholder,show_progress) VALUES
	 ('Costa Rican Hero','Complete the book Costa Rica''s Heroes.',50,'/Media/media/Badges/BadgeCostaricaHeroes1.png',0,0,0),
	 ('Little Hero','Read about a Costa Rican Hero',50,'/Media/media/Badges/BadgeCostaricaHeroes2.png',0,0,0),
	 ('Complete Crystal''s Journey To The Stars.','Complete the book Crystal''s Journey To The Stars.',50,'/Media/media/Badges/BadgeCrystalsJourney1.png',0,0,0),
	 ('Finish all activities','Finish all activities from Crystal''s Journey To The Stars.',50,'/Media/media/Badges/BadgeCrystalsJourney1.png',0,0,0),
	 ('Brave Heart','Complete the book The Story Of Amina''s Struggle.',50,'/Media/media/Badges/BadgeAnimas1.png',0,0,0),
	 ('Path to Victory','Finish all activities from The Story Of Amina''s Struggle.',50,'/Media/media/Badges/BadgeAnimas1.png',0,0,0),
	 ('Community Hero','Complete the book Esteban Saves His Community.',50,'/Media/media/Badges/BadgeEstebanSavesHisCommunity1.png',0,0,0),
	 ('Wise Helper','Finish all activities from Esteban Saves His Community.',50,'/Media/media/Badges/BadgeEstebanSavesHisCommunity1.png',0,0,0);
INSERT INTO FUNREAD.book (Title,Category,Portrait,CreatedAt,LastUpdateAt,State,SharedBook,Description,CreatedBy,LastUpdateBy) VALUES
	 ('TestBook',1,NULL,'2025-02-21 21:15:49.235378','2025-02-21 21:15:49.235378',0,0,'123123',1,1),
	 ('Maze Runner',1,'/Media/media/2.jpg','2025-02-26 14:41:05.246367','2025-02-26 14:41:05.246367',0,0,'Maze Runner',4,4),
	 ('Crytal''s Journey To The Stars',1,'/Media/media/3.jpg','2025-03-07 15:36:37.651234','2025-03-07 15:36:37.651234',0,0,'Book Written by Marcela Montenegro',1,1),
	 ('Costa Rica’s Heroes',1,'/Media/media/4_tZ1x7vy.png','2025-04-24 07:50:08.316292','2025-04-24 07:50:08.316292',0,0,'I WEEK IMPLEMENTATION',5,5),
	 ('Crystal''s Journey To The Stars',1,'/Media/media/5_3Z43LGh.png','2025-04-24 09:36:57.476252','2025-04-24 09:36:57.476252',0,0,'II WEEK IMPLEMENTATION',5,5),
	 ('The Story Of Amina''s Struggle',1,'/Media/media/6_t0cDBza.png','2025-04-24 09:40:40.425054','2025-04-24 09:40:40.425054',0,0,'III WEEK IMPLEMENTATION',5,5),
	 ('Esteban Saves His Community',1,'/Media/media/7_4jD6vcP.png','2025-04-24 09:47:39.703045','2025-04-24 09:47:39.703045',0,0,'IV WEEK IMPLEMENTATION',5,5),
	 ('Ilak the Earth Child',1,NULL,'2025-04-29 13:32:22.663400','2025-04-29 13:32:22.663400',0,0,'This book....',5,5),
	 ('THE RIVER AND THE BOY',1,NULL,'2025-05-14 16:41:17.066839','2025-05-14 16:41:17.066839',0,0,'This book will be about the story of a boy who lives close to the river. He loves to take his doggie and swim with him.',5,5),
	 ('The Puppy Book',1,'/Media/media/9_Z5O9ylk.png','2025-05-14 17:13:44.355241','2025-05-14 17:13:44.355241',0,0,'The Puppy Book',5,5);
INSERT INTO FUNREAD.bookbadge (BadgeId,BookId) VALUES
	 (3,4),
	 (4,4),
	 (5,5),
	 (6,5),
	 (7,6),
	 (8,6),
	 (9,7),
	 (10,7);
INSERT INTO FUNREAD.bookcategory (CategoryName) VALUES
	 ('Justicia Social');
INSERT INTO FUNREAD.bookdilemma (Dilemma,BookDimensionID) VALUES
	 ('Paises pobres',1),
	 ('Discapacidad laboral',1),
	 ('Trabajo infantil',1),
	 ('Excursion',1),
	 ('Becas escolares',1),
	 ('Idioma',2),
	 ('Acceso TICS',2),
	 ('Mujeres',2),
	 ('Acoso escolar',2),
	 ('Familia',2);
INSERT INTO FUNREAD.bookdilemma (Dilemma,BookDimensionID) VALUES
	 ('Hijos de parejas homosexuales',2),
	 ('Elección delegado',3),
	 ('Voto elecciones generales',3),
	 ('Alumnos escasa participación',3),
	 ('Gobierno democrático',3),
	 ('Lenguas cooficiales',3),
	 ('Justicia Universal',3);
INSERT INTO FUNREAD.bookdimension (DimensionName,BookCategoryID) VALUES
	 ('Redistribucion de recursos, bienes y capacidades',1),
	 ('Reconocimiento de la diversidad y la valoración y celebración',1),
	 ('Representación de todas las personas de forma democrática, especialmente en aquellos ámbitos que más les afectan y están más implicados',1);
INSERT INTO FUNREAD.booksperclasses (`Order`,isactive,BooksId,ClassesId) VALUES
	 (1,1,4,8),
	 (1,1,5,10),
	 (1,1,4,11),
	 (NULL,1,4,10),
	 (NULL,1,6,10),
	 (NULL,1,7,10);
INSERT INTO FUNREAD.classes (Name,Grade,CreatedAt,LastUpdateAt,StartDate,FinishDate,isactive,GroupsCreateId,TeacherAssigned) VALUES
	 ('I Week Implementation',6,'2025-04-28 11:30:14.511329','2025-04-28 11:30:14.511329','2025-05-08 13:00:00.000000','2025-05-08 23:00:00.000000',1,6,5),
	 ('II Week Implementation',6,'2025-04-28 12:09:26.427947','2025-04-28 12:09:26.427947','2025-05-15 13:00:00.000000','2025-05-15 23:00:00.000000',1,7,5),
	 ('Costa Rica''s Heroes',6,'2025-04-29 13:12:32.742721','2025-04-29 13:12:32.742721','2025-05-07 13:00:00.000000','2025-05-08 23:00:00.000000',1,8,5);
INSERT INTO FUNREAD.dilemmaperbook (BookDilemmaID,BookID) VALUES
	 (1,1),
	 (3,2),
	 (1,3),
	 (4,4),
	 (1,5),
	 (1,6),
	 (1,7),
	 (16,8),
	 (4,9),
	 (5,10);
INSERT INTO FUNREAD.django_content_type (app_label,model) VALUES
	 ('admin','logentry'),
	 ('auth','group'),
	 ('auth','permission'),
	 ('auth','user'),
	 ('Author','authorlist'),
	 ('AvatarCreator','avatarcreator'),
	 ('Badges','badge'),
	 ('bookbadge','bookbadge'),
	 ('Books','book'),
	 ('BooksDilemma','bookcategory');
INSERT INTO FUNREAD.django_content_type (app_label,model) VALUES
	 ('BooksDilemma','bookdilemma'),
	 ('BooksDilemma','bookdimension'),
	 ('BooksDilemma','dilemmaperbook'),
	 ('BooksPerClasses','booksperclasses'),
	 ('Classes','classes'),
	 ('ClassesLog','classeslog'),
	 ('contenttypes','contenttype'),
	 ('Files','file'),
	 ('folder','folder'),
	 ('Grades','grades');
INSERT INTO FUNREAD.django_content_type (app_label,model) VALUES
	 ('GroupsCreate','groupscreate'),
	 ('GroupsPerClasses','groupsperclasses'),
	 ('Institute','institute'),
	 ('Institute','institutemembers'),
	 ('Joins','joins'),
	 ('Mailer','mail'),
	 ('Mailer','mailcontrol'),
	 ('Media','media'),
	 ('Options','options'),
	 ('Pages','pages');
INSERT INTO FUNREAD.django_content_type (app_label,model) VALUES
	 ('Roles','roles'),
	 ('sessions','session'),
	 ('Sharedbooks','sharedbooks'),
	 ('StudentsGroups','studentsgroups'),
	 ('Subtitled','subtitled'),
	 ('Tags','tags'),
	 ('TagsPerPage','tagsperpage'),
	 ('TeacherApp','teachers'),
	 ('Team','team'),
	 ('TeamUser','teamuser');
INSERT INTO FUNREAD.django_content_type (app_label,model) VALUES
	 ('UserBadge','userbadge'),
	 ('userbookprogress','userbookprogress'),
	 ('UserPoints','userpoints'),
	 ('UserPointsLog','userpointslog'),
	 ('Userroles','userroles'),
	 ('Users','user'),
	 ('Widget','widget'),
	 ('Widget','widgetitem');
INSERT INTO FUNREAD.django_migrations (app,name,applied) VALUES
	 ('Users','0001_initial','2025-02-22 03:05:31.854193'),
	 ('Books','0001_initial','2025-02-22 03:05:32.234212'),
	 ('Author','0001_initial','2025-02-22 03:05:32.435791'),
	 ('AvatarCreator','0001_initial','2025-02-22 03:05:32.480629'),
	 ('Badges','0001_initial','2025-02-22 03:05:32.530179'),
	 ('Badges','0002_badge_progress_placeholder_badge_show_progress','2025-02-22 03:05:32.602655'),
	 ('BooksDilemma','0001_initial','2025-02-22 03:05:33.083867'),
	 ('Media','0001_initial','2025-02-22 03:05:33.135538'),
	 ('GroupsCreate','0001_initial','2025-02-22 03:05:33.321078'),
	 ('Classes','0001_initial','2025-02-22 03:05:33.520262');
INSERT INTO FUNREAD.django_migrations (app,name,applied) VALUES
	 ('BooksPerClasses','0001_initial','2025-02-22 03:05:33.725576'),
	 ('ClassesLog','0001_initial','2025-02-22 03:05:33.917627'),
	 ('folder','0001_initial','2025-02-22 03:05:34.071861'),
	 ('Tags','0001_initial','2025-02-22 03:05:34.130863'),
	 ('Files','0001_initial','2025-02-22 03:05:34.420238'),
	 ('Grades','0001_initial','2025-02-22 03:05:34.618065'),
	 ('StudentsGroups','0001_initial','2025-02-22 03:05:34.947098'),
	 ('GroupsPerClasses','0001_initial','2025-02-22 03:05:35.149306'),
	 ('Institute','0001_initial','2025-02-22 03:05:35.397242'),
	 ('Joins','0001_initial','2025-02-22 03:05:35.584282');
INSERT INTO FUNREAD.django_migrations (app,name,applied) VALUES
	 ('Mailer','0001_initial','2025-02-22 03:05:35.817404'),
	 ('Pages','0001_initial','2025-02-22 03:05:35.981956'),
	 ('Widget','0001_initial','2025-02-22 03:05:36.252427'),
	 ('Options','0001_initial','2025-02-22 03:05:36.761160'),
	 ('Roles','0001_initial','2025-02-22 03:05:36.820295'),
	 ('Sharedbooks','0001_initial','2025-02-22 03:05:37.032757'),
	 ('Subtitled','0001_initial','2025-02-22 03:05:37.162903'),
	 ('TagsPerPage','0001_initial','2025-02-22 03:05:37.370841'),
	 ('TeacherApp','0001_initial','2025-02-22 03:05:37.413633'),
	 ('Team','0001_initial','2025-02-22 03:05:37.459560');
INSERT INTO FUNREAD.django_migrations (app,name,applied) VALUES
	 ('TeamUser','0001_initial','2025-02-22 03:05:37.668324'),
	 ('TeamUser','0002_alter_teamuser_user','2025-02-22 03:05:37.700754'),
	 ('UserBadge','0001_initial','2025-02-22 03:05:37.919057'),
	 ('UserBadge','0002_userbadge_achieved_userbadge_progress','2025-02-22 03:05:38.020221'),
	 ('Users','0002_user_level','2025-02-22 03:05:38.118087'),
	 ('Users','0003_alter_user_level','2025-02-22 03:05:38.264068'),
	 ('UserPoints','0001_initial','2025-02-22 03:05:38.412852'),
	 ('UserPoints','0002_userpoints_delete_userpointslog','2025-02-22 03:05:38.584182'),
	 ('UserPointsLog','0001_initial','2025-02-22 03:05:38.735924'),
	 ('UserPointsLog','0002_alter_userpointslog_user','2025-02-22 03:05:38.797604');
INSERT INTO FUNREAD.django_migrations (app,name,applied) VALUES
	 ('Userroles','0001_initial','2025-02-22 03:05:39.100957'),
	 ('contenttypes','0001_initial','2025-02-22 03:05:39.169794'),
	 ('auth','0001_initial','2025-02-22 03:05:40.101886'),
	 ('admin','0001_initial','2025-02-22 03:05:40.354362'),
	 ('admin','0002_logentry_remove_auto_add','2025-02-22 03:05:40.374023'),
	 ('admin','0003_logentry_add_action_flag_choices','2025-02-22 03:05:40.402343'),
	 ('contenttypes','0002_remove_content_type_name','2025-02-22 03:05:40.703014'),
	 ('auth','0002_alter_permission_name_max_length','2025-02-22 03:05:40.844372'),
	 ('auth','0003_alter_user_email_max_length','2025-02-22 03:05:40.920108'),
	 ('auth','0004_alter_user_username_opts','2025-02-22 03:05:40.955272');
INSERT INTO FUNREAD.django_migrations (app,name,applied) VALUES
	 ('auth','0005_alter_user_last_login_null','2025-02-22 03:05:41.083850'),
	 ('auth','0006_require_contenttypes_0002','2025-02-22 03:05:41.095831'),
	 ('auth','0007_alter_validators_add_error_messages','2025-02-22 03:05:41.116447'),
	 ('auth','0008_alter_user_username_max_length','2025-02-22 03:05:41.229257'),
	 ('auth','0009_alter_user_last_name_max_length','2025-02-22 03:05:41.334619'),
	 ('auth','0010_alter_group_name_max_length','2025-02-22 03:05:41.383110'),
	 ('auth','0011_update_proxy_permissions','2025-02-22 03:05:41.444823'),
	 ('auth','0012_alter_user_first_name_max_length','2025-02-22 03:05:41.562646'),
	 ('sessions','0001_initial','2025-02-22 03:05:41.648479'),
	 ('bookbadge','0001_initial','2025-04-24 13:15:03.652540');
INSERT INTO FUNREAD.django_migrations (app,name,applied) VALUES
	 ('bookbadge','0002_alter_bookbadge_unique_together','2025-04-24 13:15:03.761713'),
	 ('userbookprogress','0001_initial','2025-04-24 13:15:03.960361');
INSERT INTO FUNREAD.groupscreate (name,createdat,isactive,createdby_id,idimage_id) VALUES
	 ('I Week Implementation','2025-04-28 11:29:44.709576',1,5,1),
	 ('II Week Implementation','2025-04-28 12:08:58.189983',1,5,1),
	 ('Group 1 Week 1','2025-04-29 13:09:16.939107',1,5,1),
	 ('Group 2 Week 1','2025-04-29 13:23:26.028380',1,5,1);
INSERT INTO FUNREAD.media (name,extension,file,`type`,galleryType) VALUES
	 ('1','png','media/1.png',2,2),
	 ('2','jpg','media/2.jpg',1,NULL),
	 ('3','jpg','media/3.jpg',1,NULL),
	 ('4','png','media/4_tZ1x7vy.png',1,NULL),
	 ('5','png','media/5_3Z43LGh.png',1,NULL),
	 ('6','png','media/6_t0cDBza.png',1,NULL),
	 ('7','png','media/7_4jD6vcP.png',1,NULL),
	 ('8','png','media/8_t3Cc0wN.png',1,NULL),
	 ('9','png','media/9_Z5O9ylk.png',1,NULL);
INSERT INTO FUNREAD.`options` (answer,points,iscorrect,isactive,createdat,createdby_id,idimage_id,idwidgetitem_id) VALUES
	 ('runs',0,0,1,NULL,1,NULL,43),
	 ('hopes',10,1,1,NULL,1,NULL,43),
	 ('blue',0,0,1,NULL,1,NULL,43),
	 ('answer1',10,1,1,NULL,1,NULL,34),
	 ('answer2',0,0,1,NULL,1,NULL,34),
	 ('brave',10,1,1,NULL,1,NULL,44),
	 ('mad',0,0,1,NULL,1,NULL,44),
	 ('sad',0,0,1,NULL,1,NULL,44),
	 ('courageous',10,1,1,NULL,1,NULL,45),
	 ('sad',0,0,1,NULL,1,NULL,45);
INSERT INTO FUNREAD.`options` (answer,points,iscorrect,isactive,createdat,createdby_id,idimage_id,idwidgetitem_id) VALUES
	 ('tall',0,0,1,NULL,1,NULL,45),
	 ('happy',10,1,1,NULL,1,NULL,46),
	 ('sad',0,0,1,NULL,1,NULL,46),
	 ('amazing',0,0,1,NULL,1,NULL,46),
	 ('announces',10,1,1,NULL,1,NULL,47),
	 ('says',0,0,1,NULL,1,NULL,47),
	 ('chooses',0,0,1,NULL,1,NULL,47),
	 ('wants',0,0,1,NULL,1,NULL,66),
	 ('wanted',10,1,1,NULL,1,NULL,66),
	 ('won''t',0,0,1,NULL,1,NULL,66);
INSERT INTO FUNREAD.`options` (answer,points,iscorrect,isactive,createdat,createdby_id,idimage_id,idwidgetitem_id) VALUES
	 ('helped',10,1,1,NULL,1,NULL,67),
	 ('helps',0,0,1,NULL,1,NULL,67),
	 ('help',0,0,1,NULL,1,NULL,67),
	 ('supports',0,0,1,NULL,1,NULL,68),
	 ('supported',10,1,1,NULL,1,NULL,68),
	 ('support',0,0,1,NULL,1,NULL,68),
	 ('discoverred',0,0,1,NULL,1,NULL,69),
	 ('discovers',0,0,1,NULL,1,NULL,69),
	 ('discovered',10,1,1,NULL,1,NULL,69),
	 ('won',10,1,1,NULL,1,NULL,70);
INSERT INTO FUNREAD.`options` (answer,points,iscorrect,isactive,createdat,createdby_id,idimage_id,idwidgetitem_id) VALUES
	 ('won''t',0,0,1,NULL,1,NULL,70),
	 ('wins',0,0,1,NULL,1,NULL,70),
	 ('longer',10,1,1,NULL,1,NULL,114),
	 ('longest',0,0,1,NULL,1,NULL,114),
	 ('more long',0,0,1,NULL,1,NULL,114),
	 ('hardest',0,0,1,NULL,1,NULL,115),
	 ('more hard',0,0,1,NULL,1,NULL,115),
	 ('harder',10,1,1,NULL,1,NULL,115),
	 ('diffculttier',0,0,1,NULL,1,NULL,116),
	 ('more difficult',0,0,1,NULL,1,NULL,116);
INSERT INTO FUNREAD.`options` (answer,points,iscorrect,isactive,createdat,createdby_id,idimage_id,idwidgetitem_id) VALUES
	 ('difficult',0,0,1,NULL,1,NULL,116),
	 ('kindest',10,1,1,NULL,1,NULL,117),
	 ('more kind',0,0,1,NULL,1,NULL,117),
	 ('kinder',0,0,1,NULL,1,NULL,117),
	 ('more good',0,0,1,NULL,1,NULL,118),
	 ('good',0,0,1,NULL,1,NULL,118),
	 ('better',10,1,1,NULL,1,NULL,118),
	 ('easier',10,1,1,NULL,1,NULL,119),
	 ('more easy',0,0,1,NULL,1,NULL,119),
	 ('easy',0,0,1,NULL,1,NULL,119);
INSERT INTO FUNREAD.`options` (answer,points,iscorrect,isactive,createdat,createdby_id,idimage_id,idwidgetitem_id) VALUES
	 ('brave',0,0,1,NULL,1,NULL,120),
	 ('braver',10,1,1,NULL,1,NULL,120),
	 ('the bravest',0,0,1,NULL,1,NULL,120),
	 ('most important',10,1,1,NULL,1,NULL,121),
	 ('important',0,0,1,NULL,1,NULL,121),
	 ('more important',0,0,1,NULL,1,NULL,121),
	 ('more happy',0,0,1,NULL,1,NULL,122),
	 ('happier',10,1,1,NULL,1,NULL,122),
	 ('more happier',0,0,1,NULL,1,NULL,122),
	 ('helpful',0,0,1,NULL,1,NULL,123);
INSERT INTO FUNREAD.`options` (answer,points,iscorrect,isactive,createdat,createdby_id,idimage_id,idwidgetitem_id) VALUES
	 ('more helpful',0,0,1,NULL,1,NULL,123),
	 ('most helpful',10,1,1,NULL,1,NULL,123);
INSERT INTO FUNREAD.pages (`Type`,Template,ElementOrder,GridDirection,GridNumRows,Actived,BookId) VALUES
	 (0,0,1,'horizontal',1,1,1),
	 (0,0,1,'horizontal',1,1,1),
	 (0,0,1,'horizontal',1,1,1),
	 (0,0,1,'horizontal',1,1,1),
	 (0,0,1,'horizontal',1,1,1),
	 (2,0,1,'horizontal',1,1,1),
	 (2,0,0,'horizontal',1,1,1),
	 (2,0,0,'horizontal',1,1,3),
	 (2,0,0,'horizontal',1,1,3),
	 (2,0,0,'horizontal',1,1,3);
INSERT INTO FUNREAD.pages (`Type`,Template,ElementOrder,GridDirection,GridNumRows,Actived,BookId) VALUES
	 (2,0,0,'horizontal',1,1,3),
	 (2,0,0,'horizontal',1,1,3),
	 (2,0,0,'horizontal',1,1,3),
	 (2,0,0,'horizontal',1,1,3),
	 (2,0,0,'horizontal',1,1,3),
	 (2,0,0,'horizontal',1,1,3),
	 (2,0,0,'horizontal',1,1,3),
	 (2,0,0,'horizontal',1,1,3),
	 (2,0,0,'horizontal',1,1,3),
	 (2,0,0,'horizontal',1,1,3);
INSERT INTO FUNREAD.pages (`Type`,Template,ElementOrder,GridDirection,GridNumRows,Actived,BookId) VALUES
	 (2,0,0,'horizontal',1,1,3),
	 (2,0,0,'horizontal',1,1,3),
	 (2,0,0,'horizontal',1,1,3),
	 (2,0,0,'horizontal',1,1,3),
	 (4,0,0,'horizontal',1,1,3),
	 (4,0,0,'horizontal',1,1,1),
	 (4,0,0,'horizontal',1,1,3),
	 (2,0,1,'horizontal',1,1,4),
	 (2,0,2,'horizontal',1,1,4),
	 (2,0,3,'horizontal',1,1,4);
INSERT INTO FUNREAD.pages (`Type`,Template,ElementOrder,GridDirection,GridNumRows,Actived,BookId) VALUES
	 (2,0,4,'horizontal',1,1,4),
	 (2,0,5,'horizontal',1,1,4),
	 (2,0,6,'horizontal',1,1,4),
	 (2,0,7,'horizontal',1,1,4),
	 (2,0,8,'horizontal',1,1,4),
	 (4,0,9,'horizontal',1,1,4),
	 (4,0,10,'horizontal',1,1,4),
	 (4,0,11,'horizontal',1,1,4),
	 (4,0,12,'horizontal',1,1,4),
	 (4,0,13,'horizontal',1,1,4);
INSERT INTO FUNREAD.pages (`Type`,Template,ElementOrder,GridDirection,GridNumRows,Actived,BookId) VALUES
	 (2,0,1,'horizontal',1,1,5),
	 (2,0,1,'horizontal',1,1,5),
	 (2,0,1,'horizontal',1,1,5),
	 (2,0,1,'horizontal',1,1,5),
	 (2,0,1,'horizontal',1,1,5),
	 (2,0,1,'horizontal',1,1,5),
	 (2,0,1,'horizontal',1,1,5),
	 (2,0,1,'horizontal',1,1,5),
	 (2,0,1,'horizontal',1,1,5),
	 (2,0,1,'horizontal',1,1,5);
INSERT INTO FUNREAD.pages (`Type`,Template,ElementOrder,GridDirection,GridNumRows,Actived,BookId) VALUES
	 (2,0,1,'horizontal',1,1,5),
	 (2,0,1,'horizontal',1,1,5),
	 (2,0,1,'horizontal',1,1,5),
	 (2,0,1,'horizontal',1,1,5),
	 (2,0,1,'horizontal',1,1,5),
	 (2,0,1,'horizontal',1,1,5),
	 (2,0,1,'horizontal',1,1,5),
	 (2,0,1,'horizontal',1,1,5),
	 (4,0,1,'horizontal',1,1,5),
	 (4,0,1,'horizontal',1,1,5);
INSERT INTO FUNREAD.pages (`Type`,Template,ElementOrder,GridDirection,GridNumRows,Actived,BookId) VALUES
	 (4,0,1,'horizontal',1,1,5),
	 (4,0,1,'horizontal',1,1,5),
	 (4,0,1,'horizontal',1,1,5),
	 (4,0,1,'horizontal',1,1,1),
	 (2,0,1,'horizontal',1,1,7),
	 (2,0,2,'horizontal',1,1,7),
	 (2,0,3,'horizontal',1,1,7),
	 (2,0,4,'horizontal',1,1,7),
	 (2,0,5,'horizontal',1,1,7),
	 (2,0,6,'horizontal',1,1,7);
INSERT INTO FUNREAD.pages (`Type`,Template,ElementOrder,GridDirection,GridNumRows,Actived,BookId) VALUES
	 (2,0,7,'horizontal',1,1,7),
	 (2,0,8,'horizontal',1,1,7),
	 (2,0,9,'horizontal',1,1,7),
	 (2,0,10,'horizontal',1,1,7),
	 (2,0,11,'horizontal',1,1,7),
	 (2,0,12,'horizontal',1,1,7),
	 (2,0,13,'horizontal',1,1,7),
	 (2,0,14,'horizontal',1,1,7),
	 (2,0,15,'horizontal',1,1,7),
	 (2,0,16,'horizontal',1,1,7);
INSERT INTO FUNREAD.pages (`Type`,Template,ElementOrder,GridDirection,GridNumRows,Actived,BookId) VALUES
	 (2,0,17,'horizontal',1,1,7),
	 (2,0,18,'horizontal',1,1,7),
	 (2,0,19,'horizontal',1,1,7),
	 (2,0,20,'horizontal',1,1,7),
	 (2,0,21,'horizontal',1,1,7),
	 (2,0,22,'horizontal',1,1,7),
	 (2,0,23,'horizontal',1,1,7),
	 (2,0,24,'horizontal',1,1,7),
	 (2,0,25,'horizontal',1,1,7),
	 (2,0,26,'horizontal',1,1,7);
INSERT INTO FUNREAD.pages (`Type`,Template,ElementOrder,GridDirection,GridNumRows,Actived,BookId) VALUES
	 (2,0,27,'horizontal',1,1,7),
	 (2,0,1,'horizontal',1,1,6),
	 (2,0,1,'horizontal',1,1,6),
	 (2,0,2,'horizontal',1,1,6),
	 (2,0,3,'horizontal',1,1,6),
	 (2,0,4,'horizontal',1,1,6),
	 (2,0,5,'horizontal',1,1,6),
	 (2,0,6,'horizontal',1,1,6),
	 (2,0,7,'horizontal',1,1,6),
	 (2,0,8,'horizontal',1,1,6);
INSERT INTO FUNREAD.pages (`Type`,Template,ElementOrder,GridDirection,GridNumRows,Actived,BookId) VALUES
	 (2,0,9,'horizontal',1,1,6),
	 (2,0,10,'horizontal',1,1,6),
	 (2,0,11,'horizontal',1,1,6),
	 (2,0,12,'horizontal',1,1,6),
	 (2,0,13,'horizontal',1,1,6),
	 (2,0,14,'horizontal',1,1,6),
	 (4,0,15,'horizontal',1,1,6),
	 (4,0,15,'horizontal',1,1,6),
	 (4,0,15,'horizontal',1,1,6),
	 (4,0,15,'horizontal',1,1,6);
INSERT INTO FUNREAD.pages (`Type`,Template,ElementOrder,GridDirection,GridNumRows,Actived,BookId) VALUES
	 (4,0,15,'horizontal',1,1,6),
	 (4,0,15,'horizontal',1,1,6),
	 (4,0,15,'horizontal',1,1,6),
	 (4,0,15,'horizontal',1,1,6),
	 (4,0,15,'horizontal',1,1,6),
	 (4,0,15,'horizontal',1,1,6),
	 (5,0,12,'1',1,1,1),
	 (4,0,0,'horizontal',1,1,1),
	 (5,0,12,'1',1,1,1),
	 (5,0,13,'1',1,1,1);
INSERT INTO FUNREAD.pages (`Type`,Template,ElementOrder,GridDirection,GridNumRows,Actived,BookId) VALUES
	 (5,0,14,'1',1,1,1),
	 (5,0,15,'1',1,1,1),
	 (5,0,16,'1',1,1,1);
INSERT INTO FUNREAD.roles (`Role`) VALUES
	 ('administrativo'),
	 ('estudiante'),
	 ('profesor');
INSERT INTO FUNREAD.studentgroups (isTeacher,CreatedAt,isactive,CreatedBy,GroupsCreateId,UserId) VALUES
	 (0,'2025-04-28 11:30:53.004803',1,5,6,2),
	 (0,'2025-04-28 12:09:00.775635',1,5,7,2),
	 (0,'2025-04-29 13:17:02.766597',1,5,8,6);
INSERT INTO FUNREAD.`user` (Email,Name,LastName,password,CreatedAt,Actived,UserName,`Level`) VALUES
	 ('zana@gmail.com','Zana','Pizarro','ef797c8118f02dfb649607dd5d3f8c7623048c9c063d532cc95c5ed7a898a64f','2025-02-21 21:15:21.339371',1,'ZanaCR',NULL),
	 ('zana@test.com','ZanaStudent','Pizarro','ef797c8118f02dfb649607dd5d3f8c7623048c9c063d532cc95c5ed7a898a64f','2025-02-21 21:16:38.241289',1,'ZanaCRC',NULL),
	 ('jeremy.pizarro@funread.com','Jeremy Pizarro','Pizarro','ef797c8118f02dfb649607dd5d3f8c7623048c9c063d532cc95c5ed7a898a64f','2025-02-26 14:07:10.407476',1,'JeremyFunr',NULL),
	 ('sandra.guzman@funread.cr','Sandra Guzmán','Guzmán','ef797c8118f02dfb649607dd5d3f8c7623048c9c063d532cc95c5ed7a898a64f','2025-02-26 14:38:39.268817',1,'SandraFunread',NULL),
	 ('marcelamontenegro@funread.com','Marcela','Montenegro','ef797c8118f02dfb649607dd5d3f8c7623048c9c063d532cc95c5ed7a898a64f','2025-04-24 07:47:07.210631',1,'MarceMontenegro',NULL),
	 ('jeremy@funread.com','Jeremy Montenegro','Montenegro','ef797c8118f02dfb649607dd5d3f8c7623048c9c063d532cc95c5ed7a898a64f','2025-04-29 13:15:29.650618',1,'Monte-Jere',NULL);
INSERT INTO FUNREAD.userbadge (`date`,badge_id,user_id,achieved,progress) VALUES
	 ('2025-04-28 13:16:27.355721',3,2,1,0),
	 ('2025-04-28 13:16:27.531832',4,2,1,0),
	 ('2025-04-29 13:19:49.911650',3,6,1,0),
	 ('2025-04-29 13:19:50.141385',4,6,1,0),
	 ('2025-05-05 21:33:50.637362',5,2,1,0),
	 ('2025-05-05 21:33:50.727506',6,2,1,0),
	 ('2025-06-04 06:28:27.805896',9,2,1,0),
	 ('2025-06-04 06:28:27.871473',10,2,1,0),
	 ('2025-06-04 06:42:29.349341',7,2,1,0),
	 ('2025-06-04 06:42:29.406260',8,2,1,0);
INSERT INTO FUNREAD.userbookprogress (Status,Calificacion,BookId,UserId) VALUES
	 (1,100.0,4,2),
	 (1,100.0,5,2),
	 (1,100.0,4,5),
	 (1,100.0,4,6),
	 (1,100.0,1,1),
	 (1,100.0,7,2),
	 (1,100.0,6,2);
INSERT INTO FUNREAD.userpoints (total_points,user_id) VALUES
	 (530,2),
	 (100,6);
INSERT INTO FUNREAD.userroles (IdRole,IdUser) VALUES
	 (3,1),
	 (2,2),
	 (3,3),
	 (3,4),
	 (3,5),
	 (2,6);
INSERT INTO FUNREAD.widget (`Type`,Name) VALUES
	 (1,'Title'),
	 (1,'Description'),
	 (2,'Image'),
	 (2,'Video'),
	 (2,'Audio'),
	 (3,'Shape'),
	 (4,'True Or False'),
	 (4,'Complete'),
	 (4,'Quiz'),
	 (5,'Code');
INSERT INTO FUNREAD.widgetitem (Value,`Type`,ElementOrder,PageId,WidgetId) VALUES
	 ('{"data": "<p>Test</p>"}',1,0,1,2),
	 ('{"data": "/Media/media/1.png"}',2,0,2,3),
	 ('{"data": "/Media/media/1.png"}',2,0,3,3),
	 ('{"data": "<p>EJEMPLO</p>"}',1,0,4,2),
	 ('{"data": "/Media/media/2.jpg"}',2,0,5,3),
	 ('{"x": 100, "y": 100, "fill": "blue", "stroke": "black", "strokeWidth": 2}',4,1,6,3),
	 ('{"x": 0, "y": 0, "src": "/Media/media/Crystals/1.jpg", "width": 720, "height": 720}',2,1,8,3),
	 ('{"x": 0, "y": 0, "src": "/Media/media/Crystals/2.jpg", "width": 720, "height": 720}',2,1,9,3),
	 ('{"x": 0, "y": 0, "src": "/Media/media/Crystals/3.jpg", "width": 720, "height": 720}',2,1,10,3),
	 ('{"x": 0, "y": 0, "src": "/Media/media/Crystals/4.jpg", "width": 720, "height": 720}',2,1,11,3);
INSERT INTO FUNREAD.widgetitem (Value,`Type`,ElementOrder,PageId,WidgetId) VALUES
	 ('{"x": 0, "y": 0, "src": "/Media/media/Crystals/5.jpg", "width": 720, "height": 720}',2,1,12,3),
	 ('{"x": 0, "y": 0, "src": "/Media/media/Crystals/6.jpg", "width": 720, "height": 720}',2,1,13,3),
	 ('{"x": 0, "y": 0, "src": "/Media/media/Crystals/7.jpg", "width": 720, "height": 720}',2,1,14,3),
	 ('{"x": 0, "y": 0, "src": "/Media/media/Crystals/8.jpg", "width": 720, "height": 720}',2,1,15,3),
	 ('{"x": 0, "y": 0, "src": "/Media/media/Crystals/9.jpg", "width": 720, "height": 720}',2,1,16,3),
	 ('{"x": 0, "y": 0, "src": "/Media/media/Crystals/10.jpg", "width": 720, "height": 720}',2,1,17,3),
	 ('{"x": 0, "y": 0, "src": "/Media/media/Crystals/11.jpg", "width": 720, "height": 720}',2,1,18,3),
	 ('{"x": 0, "y": 0, "src": "/Media/media/Crystals/12.jpg", "width": 720, "height": 720}',2,1,19,3),
	 ('{"x": 0, "y": 0, "src": "/Media/media/Crystals/13.jpg", "width": 720, "height": 720}',2,1,20,3),
	 ('{"x": 0, "y": 0, "src": "/Media/media/Crystals/14.jpg", "width": 720, "height": 720}',2,1,21,3);
INSERT INTO FUNREAD.widgetitem (Value,`Type`,ElementOrder,PageId,WidgetId) VALUES
	 ('{"x": 0, "y": 0, "src": "/Media/media/Crystals/15.jpg", "width": 720, "height": 720}',2,1,22,3),
	 ('{"x": 0, "y": 0, "src": "/Media/media/Crystals/16.jpg", "width": 720, "height": 720}',2,1,23,3),
	 ('{"x": 0, "y": 0, "src": "/Media/media/Crystals/17.jpg", "width": 720, "height": 720}',2,1,24,3),
	 ('{"x": 0, "y": 0, "src": "/Media/media/Crystals/18.jpg", "width": 720, "height": 720}',2,1,25,3),
	 ('{"x": 50, "y": 50, "fill": "red", "name": "rectangle", "width": 120, "height": 80, "stroke": "black"}',3,0,6,3),
	 ('{"x": 200, "y": 100, "fill": "blue", "name": "circle", "radius": 40, "stroke": "black"}',3,0,6,3),
	 ('{"x": 200, "y": 50, "fill": "green", "name": "square", "size": 100, "stroke": "black"}',3,0,6,3),
	 ('{"x": 50, "y": 200, "fill": "white", "name": "message", "width": 150, "height": 100, "stroke": "black"}',3,0,6,3),
	 ('{"x": 250, "y": 200, "fill": "#e0e0e0", "name": "thinking", "width": 120, "height": 80, "stroke": "black"}',3,0,6,3),
	 ('{"title": "Choose the correct verb or adjective from the options.", "question": "Esteban _______ to win the scholarship. (Choose the correct verb)"}',4,0,25,9);
INSERT INTO FUNREAD.widgetitem (Value,`Type`,ElementOrder,PageId,WidgetId) VALUES
	 ('{"title": "TEST", "question": "Esteban _______ to win the scholarship. (Choose the correct verb)"}',4,0,27,9),
	 ('{"x": 0, "y": 0, "src": "/Media/media/CostaRicasHeroes/1.png", "width": 720, "height": 720}',2,0,28,3),
	 ('{"x": 0, "y": 0, "src": "/Media/media/CostaRicasHeroes/2.png", "width": 700, "height": 720}',2,0,29,3),
	 ('{"x": 0, "y": 0, "src": "/Media/media/CostaRicasHeroes/3.png", "width": 700, "height": 720}',2,0,30,3),
	 ('{"x": 0, "y": 0, "src": "/Media/media/CostaRicasHeroes/4.png", "width": 700, "height": 720}',2,0,31,3),
	 ('{"x": 0, "y": 0, "src": "/Media/media/CostaRicasHeroes/5.png", "width": 700, "height": 720}',2,0,32,3),
	 ('{"x": 0, "y": 0, "src": "/Media/media/CostaRicasHeroes/6.png", "width": 700, "height": 720}',2,0,33,3),
	 ('{"x": 0, "y": 0, "src": "/Media/media/CostaRicasHeroes/7.png", "width": 700, "height": 720}',2,0,34,3),
	 ('{"x": 0, "y": 0, "src": "/Media/media/CostaRicasHeroes/8.png", "width": 700, "height": 720}',2,0,35,3),
	 ('{"type": "multiple", "title": "Choose the correct verb or adjective from the options.", "question": "Esteban _______ to win the scholarship. (Choose the correct verb)"}',4,0,38,9);
INSERT INTO FUNREAD.widgetitem (Value,`Type`,ElementOrder,PageId,WidgetId) VALUES
	 ('{"title": "Choose the correct verb or adjective from the options.", "question": "Juan Santamaría was_______. (Choose the correct adjective)"}',4,0,39,9),
	 ('{"title": "Choose the correct verb or adjective from the options.", "question": "Juanito Mora was _______. (Choose the correct adjective)"}',4,0,40,9),
	 ('{"title": "Choose the correct verb or adjective from the options.", "question": "The teacher was _______ with Esteban’s hard work. (Choose the correct adjective)"}',4,0,41,9),
	 ('{"title": "Choose the correct verb or adjective from the options.", "question": "Ms. Daniela _______ the scholarship winner. (Choose the correct verb)"}',4,0,42,9),
	 ('{"x": 0, "y": 0, "src": "/Media/media/CrystalsJourney/1.png", "width": 720, "height": 720}',2,0,43,3),
	 ('{"x": 0, "y": 0, "src": "/Media/media/CrystalsJourney/2.png", "width": 720, "height": 720}',2,0,44,3),
	 ('{"x": 0, "y": 0, "src": "/Media/media/CrystalsJourney/3.png", "width": 720, "height": 720}',2,0,45,3),
	 ('{"x": 0, "y": 0, "src": "/Media/media/CrystalsJourney/4.png", "width": 720, "height": 720}',2,0,46,3),
	 ('{"x": 0, "y": 0, "src": "/Media/media/CrystalsJourney/5.png", "width": 720, "height": 720}',2,0,47,3),
	 ('{"x": 0, "y": 0, "src": "/Media/media/CrystalsJourney/6.png", "width": 720, "height": 720}',2,0,48,3);
INSERT INTO FUNREAD.widgetitem (Value,`Type`,ElementOrder,PageId,WidgetId) VALUES
	 ('{"x": 0, "y": 0, "src": "/Media/media/CrystalsJourney/7.png", "width": 720, "height": 720}',2,0,49,3),
	 ('{"x": 0, "y": 0, "src": "/Media/media/CrystalsJourney/8.png", "width": 720, "height": 720}',2,0,50,3),
	 ('{"x": 0, "y": 0, "src": "/Media/media/CrystalsJourney/9.png", "width": 720, "height": 720}',2,0,51,3),
	 ('{"x": 0, "y": 0, "src": "/Media/media/CrystalsJourney/10.png", "width": 720, "height": 720}',2,0,52,3),
	 ('{"x": 0, "y": 0, "src": "/Media/media/CrystalsJourney/11.png", "width": 720, "height": 720}',2,0,53,3),
	 ('{"x": 0, "y": 0, "src": "/Media/media/CrystalsJourney/12.png", "width": 720, "height": 720}',2,0,54,3),
	 ('{"x": 0, "y": 0, "src": "/Media/media/CrystalsJourney/13.png", "width": 720, "height": 720}',2,0,55,3),
	 ('{"x": 0, "y": 0, "src": "/Media/media/CrystalsJourney/14.png", "width": 720, "height": 720}',2,0,56,3),
	 ('{"x": 0, "y": 0, "src": "/Media/media/CrystalsJourney/15.png", "width": 720, "height": 720}',2,0,57,3),
	 ('{"x": 0, "y": 0, "src": "/Media/media/CrystalsJourney/16.png", "width": 720, "height": 720}',2,0,58,3);
INSERT INTO FUNREAD.widgetitem (Value,`Type`,ElementOrder,PageId,WidgetId) VALUES
	 ('{"x": 0, "y": 0, "src": "/Media/media/CrystalsJourney/17.png", "width": 720, "height": 720}',2,0,59,3),
	 ('{"x": 0, "y": 0, "src": "/Media/media/CrystalsJourney/18.png", "width": 720, "height": 720}',2,0,60,3),
	 ('{"title": "Students complete a 5-question reading comprehension quiz on FUNREAD Platform, where they must fill in the correct past tense verb.", "question": "Crystal ______ (want) to enter the Science Fair."}',4,0,61,9),
	 ('{"title": "Students complete a 5-question reading comprehension quiz on FUNREAD Platform, where they must fill in the correct past tense verb.", "question": "Teacher Gloria ______ (help) Crystal get a computer."}',4,0,62,9),
	 ('{"title": "Students complete a 5-question reading comprehension quiz on FUNREAD Platform, where they must fill in the correct past tense verb.", "question": "The community ______ (support) Crystal so she could participate in the Science Fair."}',4,0,63,9),
	 ('{"title": "Students complete a 5-question reading comprehension quiz on FUNREAD Platform, where they must fill in the correct past tense verb.", "question": "Marie Curie ______ (discover) radium and polonium."}',4,0,64,9),
	 ('{"title": "Students complete a 5-question reading comprehension quiz on FUNREAD Platform, where they must fill in the correct past tense verb.", "question": "At the end of the story, Crystal ______ (win) the Science Fair."}',4,0,65,9),
	 ('{ "title": "Word Search Puzzle","difficulty": "Medium", "timeLimit": 300,"gridSize": {"rows": 10, "columns": 10}, "words": ["LIBRO", "LAPIZ", "ESCUELA", "PROFESOR", "ESTUDIANTE"]}',4,0,66,9),
	 ('{"x": 25, "y": 0, "src": "/Media/media/EstebanSaves/1.png", "width": 540, "height": 500}',2,0,67,3),
	 ('{"x": 25, "y": 0, "src": "/Media/media/EstebanSaves/2.png", "width": 540, "height": 500}',2,0,68,3);
INSERT INTO FUNREAD.widgetitem (Value,`Type`,ElementOrder,PageId,WidgetId) VALUES
	 ('{"x": 25, "y": 0, "src": "/Media/media/EstebanSaves/3.png", "width": 540, "height": 500}',2,0,69,3),
	 ('{"x": 25, "y": 0, "src": "/Media/media/EstebanSaves/4.png", "width": 540, "height": 500}',2,0,70,3),
	 ('{"x": 25, "y": 0, "src": "/Media/media/EstebanSaves/5.png", "width": 540, "height": 500}',2,0,71,3),
	 ('{"x": 25, "y": 0, "src": "/Media/media/EstebanSaves/6.png", "width": 540, "height": 500}',2,0,72,3),
	 ('{"x": 25, "y": 0, "src": "/Media/media/EstebanSaves/7.png", "width": 540, "height": 500}',2,0,73,3),
	 ('{"x": 25, "y": 0, "src": "/Media/media/EstebanSaves/8.png", "width": 540, "height": 500}',2,0,74,3),
	 ('{"x": 25, "y": 0, "src": "/Media/media/EstebanSaves/9.png", "width": 540, "height": 500}',2,0,75,3),
	 ('{"x": 25, "y": 0, "src": "/Media/media/EstebanSaves/10.png", "width": 540, "height": 500}',2,0,76,3),
	 ('{"x": 25, "y": 0, "src": "/Media/media/EstebanSaves/11.png", "width": 540, "height": 500}',2,0,77,3),
	 ('{"x": 25, "y": 0, "src": "/Media/media/EstebanSaves/12.png", "width": 540, "height": 500}',2,0,78,3);
INSERT INTO FUNREAD.widgetitem (Value,`Type`,ElementOrder,PageId,WidgetId) VALUES
	 ('{"x": 25, "y": 0, "src": "/Media/media/EstebanSaves/13.png", "width": 540, "height": 500}',2,0,79,3),
	 ('{"x": 25, "y": 0, "src": "/Media/media/EstebanSaves/14.png", "width": 540, "height": 500}',2,0,80,3),
	 ('{"x": 25, "y": 0, "src": "/Media/media/EstebanSaves/15.png", "width": 540, "height": 500}',2,0,81,3),
	 ('{"x": 25, "y": 0, "src": "/Media/media/EstebanSaves/16.png", "width": 540, "height": 500}',2,0,82,3),
	 ('{"x": 25, "y": 0, "src": "/Media/media/EstebanSaves/17.png", "width": 540, "height": 500}',2,0,83,3),
	 ('{"x": 25, "y": 0, "src": "/Media/media/EstebanSaves/18.png", "width": 540, "height": 500}',2,0,84,3),
	 ('{"x": 25, "y": 0, "src": "/Media/media/EstebanSaves/19.png", "width": 540, "height": 500}',2,0,85,3),
	 ('{"x": 25, "y": 0, "src": "/Media/media/EstebanSaves/20.png", "width": 540, "height": 500}',2,0,86,3),
	 ('{"x": 25, "y": 0, "src": "/Media/media/EstebanSaves/21.png", "width": 540, "height": 500}',2,0,87,3),
	 ('{"x": 25, "y": 0, "src": "/Media/media/EstebanSaves/22.png", "width": 540, "height": 500}',2,0,88,3);
INSERT INTO FUNREAD.widgetitem (Value,`Type`,ElementOrder,PageId,WidgetId) VALUES
	 ('{"x": 25, "y": 0, "src": "/Media/media/EstebanSaves/23.png", "width": 540, "height": 500}',2,0,89,3),
	 ('{"x": 25, "y": 0, "src": "/Media/media/EstebanSaves/24.png", "width": 540, "height": 500}',2,0,90,3),
	 ('{"x": 25, "y": 0, "src": "/Media/media/EstebanSaves/25.png", "width": 540, "height": 500}',2,0,91,3),
	 ('{"x": 25, "y": 0, "src": "/Media/media/EstebanSaves/26.png", "width": 540, "height": 500}',2,0,92,3),
	 ('{"x": 25, "y": 0, "src": "/Media/media/EstebanSaves/27.png", "width": 540, "height": 500}',2,0,93,3),
	 ('{"x": 25, "y": 0, "src": "/Media/media/Aminas/1.png", "width": 540, "height": 500}',2,0,94,3),
	 ('{"x": 25, "y": 0, "src": "/Media/media/Aminas/2.png", "width": 540, "height": 500}',2,0,95,3),
	 ('{"x": 25, "y": 0, "src": "/Media/media/Aminas/3.png", "width": 540, "height": 500}',2,0,96,3),
	 ('{"x": 25, "y": 0, "src": "/Media/media/Aminas/4.png", "width": 540, "height": 500}',2,0,97,3),
	 ('{"x": 25, "y": 0, "src": "/Media/media/Aminas/5.png", "width": 540, "height": 500}',2,0,98,3);
INSERT INTO FUNREAD.widgetitem (Value,`Type`,ElementOrder,PageId,WidgetId) VALUES
	 ('{"x": 25, "y": 0, "src": "/Media/media/Aminas/6.png", "width": 540, "height": 500}',2,0,99,3),
	 ('{"x": 25, "y": 0, "src": "/Media/media/Aminas/7.png", "width": 540, "height": 500}',2,0,100,3),
	 ('{"x": 25, "y": 0, "src": "/Media/media/Aminas/8.png", "width": 540, "height": 500}',2,0,101,3),
	 ('{"x": 25, "y": 0, "src": "/Media/media/Aminas/9.png", "width": 540, "height": 500}',2,0,102,3),
	 ('{"x": 25, "y": 0, "src": "/Media/media/Aminas/10.png", "width": 540, "height": 500}',2,0,103,3),
	 ('{"x": 25, "y": 0, "src": "/Media/media/Aminas/11.png", "width": 540, "height": 500}',2,0,104,3),
	 ('{"x": 25, "y": 0, "src": "/Media/media/Aminas/12.png", "width": 540, "height": 500}',2,0,105,3),
	 ('{"x": 25, "y": 0, "src": "/Media/media/Aminas/13.png", "width": 540, "height": 500}',2,0,106,3),
	 ('{"x": 25, "y": 0, "src": "/Media/media/Aminas/14.png", "width": 540, "height": 500}',2,0,107,3),
	 ('{"x": 25, "y": 0, "src": "/Media/media/Aminas/15.png", "width": 540, "height": 500}',2,0,108,3);
INSERT INTO FUNREAD.widgetitem (Value,`Type`,ElementOrder,PageId,WidgetId) VALUES
	 ('{"title": "Choose the correct comparative or superlative form of the adjective in paretheses", "question": "Amina’s days are ______ (long) than her friends’ days."}',4,0,110,9),
	 ('{"title": "Choose the correct comparative or superlative form of the adjective in paretheses", "question": "Waking up early is ______ (hard) than going to school."}',4,0,111,9),
	 ('{"title": "Choose the correct comparative or superlative form of the adjective in paretheses", "question": "Amina’s chores are ______ (difficult) than her homework."}',4,0,112,9),
	 ('{"title": "Choose the correct comparative or superlative form of the adjective in paretheses", "question": "Teacher Carmen is the ______ (kind) teacher in Abangares."}',4,0,113,9),
	 ('{"title": "Choose the correct comparative or superlative form of the adjective in paretheses", "question": "Amina’s new life is ______ (good) than before."}',4,0,114,9),
	 ('{"title": "Choose the correct comparative or superlative form of the adjective in paretheses", "question": "Playing with friends is ______ (easy) than working at home."}',4,0,115,9),
	 ('{"title": "Choose the correct comparative or superlative form of the adjective in paretheses", "question": "Teacher Carmen is ______ (brave) than other teachers because she helps students."}',4,0,116,9),
	 ('{"title": "Choose the correct comparative or superlative form of the adjective in paretheses", "question": "Studying is the ______ (important) thing for Amina’s future."}',4,0,117,9),
	 ('{"title": "Choose the correct comparative or superlative form of the adjective in paretheses", "question": "The school playground is ______ (happy) than Amina’s home because she can play."}',4,0,118,9),
	 ('{"title": "Choose the correct comparative or superlative form of the adjective in paretheses", "question": "Teacher Carmen is the ______ (helpful) person in Amina’s life."}',4,0,119,9);
INSERT INTO FUNREAD.widgetitem (Value,`Type`,ElementOrder,PageId,WidgetId) VALUES
	 ('{"title": "Test", "difficulty": "Medium", "timeLimit": 300, "gridSize": {"rows": 10, "columns": 10}, "words": ["ONE", "TWO", "THREE", "FOUR", "FIVE", "SIX", "SEVEN"]}',4,0,128,9),
	 ('{"type": "complete","title": "Complete the sentence", "question": "Hannah runs _______ than Olivia.","correctAnswer": "faster","points": 10}',4,0,129,9),
	 ('{"title": "SOPA DE LETRAS 2", "difficulty": "Medium", "timeLimit": 300, "gridSize": {"rows": 10, "columns": 10}, "words": ["HOLA", "ADIOS", "UNO", "DOS", "TRES"]}',4,0,130,9),
	 ('{"title": "Word Search Puzzle", "difficulty": "Medium", "timeLimit": 300, "gridSize": {"rows": 10, "columns": 10}, "words": ["HELLO", "BYE", "PORT", "SWITCH", "ONE", "TWO"]}',4,0,131,9),
	 ('{"type": "complete", "title": "Test", "question": "testing is ______ for  us", "correctAnswer": "good", "points": 10}',4,0,139,9),
	 ('{"type": "complete", "title": "Test", "question": "testing is ____ for  us", "correctAnswer": "good", "points": 10}',4,0,139,9);
